x1,x2,x3,x4,x5,x6,x7,x8,x9,x10,x11,x12,x13,x14,x15,x16,x17,x18,x19,x20,x21,x22,x23,x24,x25,x26,x27,x28,x29,x30,x31,x32,x33,x34,x35,x36,x37,x38,x39,x40,x41,x42,x43,x44,x45,x46,x47,x48
-0.16556805531767022,0.16921966390935644,0.11899456246711328,0.024939619229674175,0.025588109598877567,-0.19669860241734755,-0.14340979262310968,-0.009789201949897915,-0.05299762728057098,-0.017830075804932954,-0.004747193121459719,-0.08869822197111542,-0.07742692414649761,-0.07384408184974685,0.11467981614911801,0.11150347139535438,-0.038034822285623854,-0.24686988996651113,-0.18021451342692388,-0.008811201401537374,0.055798705590462766,-0.07318698289240377,0.2767436788681161,-0.014838434281426584,0.23399924422451482,-0.110728823104442,-0.020267311046855987,0.07452651493422083,0.07108825875224985,0.007903413787314758,-0.08194954664057912,-0.11131078758816927,0.07909800965900701,0.057940167811193675,0.06333175462561305,0.0039549761091475285,0.029725126021105556,-0.13280460198746358,-0.16618316234527541,-0.2147144690976344,0.13536845871525718,0.12433907602754103,0.06556739711498356,0.19825048965789907,0.031347548380996106,-0.024954335442482257,0.03400856383299925,-0.050288701704339994
0.18549020393612264,-0.05848974187876188,-0.06687938627414151,0.02692559191819866,-0.10287549553890908,-0.040462554787473015,0.08453956507566242,0.19524066672332985,-0.05251836747133076,-0.12441136073599401,-0.05363682522214575,0.12055051959565892,-0.2070554424623595,0.09383525620618609,0.1113147011614754,0.09349576376122155,0.10258591790138094,0.020819701082320653,0.18508645954358816,-0.1493624402387827,-0.06780124324991726,0.1313316556190986,0.01930147181208134,-0.022075448145452065,0.2538259179516251,-0.02941647354178671,0.19741637177992927,-0.06433502318897825,0.06114250143986602,-0.01516160144354361,0.07438047504392029,-0.18404574358482786,-0.14848858978131765,-0.0001311915864711135,-0.030563445681148278,-0.03427597346518808,-0.2175893820614866,-0.025027294859709674,0.10405544522189789,0.20936241949531414,-0.12609505145786917,-0.07802609357964288,-0.0015716269194105883,0.22381031516069835,0.01609340016151848,-0.0780044805535516,-0.009692230341892111,-0.02751320396346765
-0.24902071342250007,0.09654534371459943,-0.18066794912382922,-0.2128795415800637,0.14658583375293802,-0.0033988041686445767,0.09434720308911161,0.05541342791355049,-0.057063647972509034,-0.1203440748483833,0.001220625671543895,0.06867512531672004,0.029457502120852318,0.11384025900437363,-0.0768882403742282,0.02196698537855503,0.33011287875420986,0.019720277259459965,-0.0019519388234817813,-0.31705408611446856,-0.07918663738729706,-0.028451093639424614,-0.30260305138569726,0.08067583416283036,0.08868316572327775,0.17673896635642353,-0.07969212355371795,0.131478609683514,0.12329957803573492,0.01336022922368224,0.000296626610664821,-0.011920561309212359,0.03237823962771749,0.11481590915236546,-0.0904790082563145,0.12032282573454613,0.14992922360743086,0.18127432170522825,0.05920217914344465,0.16890332879356204,0.04417432202390016,0.08205013667186718,0.230514728131882,-0.07252120977967765,0.2886557887841667,0.01730091223216339,0.01941005411540087,0.0018307670135702424
-0.12865848264225568,0.07445085948864798,-0.18935233369981966,0.18120379793431357,-0.03500065974248665,-0.14737172798300985,-0.040763123955224884,0.07488078461783616,-0.08136709690895716,0.2732947087000432,0.04087187414715466,0.17252882294656985,0.11669051781660959,-0.09441661494327624,-0.037386837786387184,-0.004717850322270831,0.04118077973805078,-0.012193938341631674,-0.06047910279764972,0.03234397219040594,0.06940070051899624,0.15398182184445744,-0.005480849503864239,-0.033714421239254666,-0.10634995267904582,0.058950093836133505,0.028034484267078823,0.1425497275982817,-0.20195901598707386,-0.16010269419296688,0.049653884957381524,0.03476481492826333,-0.1284757407970219,0.1341545518121969,0.09594192243672373,-0.06430087596055535,-0.061154927966066454,-0.10927538558245313,0.18344202616083757,-0.08737047584826456,-0.20722866903366396,0.11496817278217386,-0.07122136942154189,-0.09847407767258609,-0.0009871141794599745,-0.008865106377474364,0.0908119470353856,0.030030442500303962
0.08376745759571155,-0.03934738186685855,-0.08910398249158444,-0.14950204301368686,-0.12477237076050988,0.12712512878404142,-0.037445140342615285,0.09259412195055074,-0.2211336612868376,-0.0713462224221338,-0.030733535215524042,-0.1954487280112677,0.1689092867825594,-0.04700927350151921,0.15296904039377054,-0.06828484185979766,-0.013391013144334319,-0.22459445717436746,-0.012490030473958533,0.026999569628253242,0.07051835469819362,0.07134781471435019,-0.1541199724084255,-0.03526571511554382,-0.07094548280797218,-0.06043605567211396,-0.10587433350221222,0.04069173344452534,0.15683577843976476,-0.08441870989015648,0.24030976208969093,0.194940729417538,-0.05620568160233675,0.0064142619704285015,0.07545802368630314,-0.20867972811880686,-0.01618794584043405,-0.0653930942107861,-0.06520694326156408,-0.10197398171305745,0.014365734061055188,0.11081940708398533,0.1968225957409313,-0.09521533084350665,-0.11062620064927368,-0.2020703260344845,-0.3477886824974596,-0.06575594048016072
-0.2316427154759638,0.10206460786936214,0.03444534239454231,-0.18986086337322952,0.03894926703064785,0.14042232504482313,0.09928158466572581,-0.10059754962140688,-0.2520752776418937,0.15295350458808915,0.06691917050686343,-0.0339074027494474,0.09485511826729495,0.03577911502091207,-0.17105065788425708,-0.12234067775489284,-0.06744998849778686,-0.01606420205308017,0.14331916793247607,0.2352821210940447,-0.05905185550867305,0.22255634569006463,0.19962345979841903,-0.01420142980166274,-0.059185817120632506,-0.11839476140162013,-0.22212440919405846,0.09486337304900383,0.1343473125698605,-0.08407226618450253,0.1327996226102154,0.12099560955078839,-0.16046485337268676,0.09372339297906986,-0.08678478554838732,0.054335954895075304,-0.0969087644865297,-0.18966111708850686,0.0065294402438850485,-0.018953908986088428,0.12337592005807076,0.10908436161401372,0.1780733550438357,-0.10837582192712926,-0.018575295674583905,-0.1655069563414939,0.0439866527286415,0.21989399887187075
-0.1695711384685182,-0.1919088864917973,0.11125144362598759,0.20764677642976678,0.03725215842845388,-0.18736849977475,-0.18640229732328206,-0.07322686415637675,-0.12125820575611318,-0.14748043713429754,0.0468918675778595,0.10459492256705105,-0.08534563249831204,0.017553738045564028,-0.053433197636692534,0.12084560498305641,0.048677820461535355,0.0843421898015122,-0.05252405270258196,-0.062358479198715525,-0.05584734844425025,0.06818707826825915,0.035569887978917476,0.057065162251605565,0.022654994499199,-0.2148659026215504,-0.08668089946905626,0.281494180968311,0.06123338646000672,0.11556219622625258,0.04822491262179478,0.10497632077685164,0.13259535818987295,0.10216244369437394,0.05729814183790747,0.01908847564024483,-0.0678161035233797,0.07677273262927264,-0.1302964063201818,-0.21692526639024587,0.13527570452611848,0.1301428973946185,0.044145678925472887,-0.17784976018703264,0.06203292586026557,-0.08841654312075249,0.3101148702692203,0.029253706345855578
-0.25187584551179676,-0.08467605369747044,-0.19682425322511504,0.03165748181045782,-0.12791332483770898,-0.07946538397534135,0.12894127796035812,-0.027266261306707996,0.09250680925547085,-0.13988935136609879,-0.059364612214397615,-0.1500963443218693,-0.09570175007948402,-0.05066491737513366,-0.08946843066048235,-0.15442192107896477,0.1807286320890467,0.08439128812762832,-0.10832050621200325,-0.19391020864299363,-0.03993862441861193,-0.040539063697183395,0.08647806049703242,0.11054150294623953,0.0069937319751470885,-0.20207978976704466,-0.06972702058836765,-0.1545492212969405,0.1651904913158458,-0.1692798089128348,0.29890318491440904,0.07976448450973299,0.1306221605389127,-0.025694126838964694,-0.10535059428463045,0.16506552306152408,0.009692354055345605,-0.03895036584733396,-0.1809145553100973,0.12736222571465972,-0.07222938683304678,0.047686779530190807,0.03226441984891975,-0.04433884903668567,-0.17986419609459822,-0.011144889165390652,0.2171214756671312,-0.1319889857923119
-0.03156903647916385,0.13279154817670247,0.10350275694471275,-0.044498053759029016,0.030306683868707114,-0.15797463405454856,-0.0789617725460077,0.084844076461973,0.13093568465009411,-0.23396232724503446,0.032781901838893054,0.020861936194568987,-0.011219261853166908,-0.053965547948631815,0.04548997503585831,0.08879834229200352,0.05481009574900771,0.011511497905582828,-0.21954017698507344,0.08119148663516158,-0.2098612649029022,0.10869145451243244,-0.09534009487452451,0.016370103821284544,0.11169186561241036,0.044391534866312955,-0.16387941244586812,0.14164430250787605,0.04328604296845159,0.0785151050958493,-0.007503806669544324,0.27255935489997474,-0.04080293068184165,-0.013761871429148378,-0.004252376345532721,-0.06492764208599092,-0.3607320942578756,-0.10253653239510885,0.10891337052724556,-0.26531750757878125,0.04585072107369186,0.10106399608890536,-0.009877118584977944,0.13326102468642495,0.061538847128335246,-0.10232008119186235,-0.2904466304697538,-0.07707944151057136
0.10382798160062646,0.3033743356246204,-0.009344464442343553,-0.009319754980042776,0.07934025232446772,0.1272469918525377,0.08714302094474505,0.031590192491114326,-0.031320583575611315,-0.024326678814675,-0.18826983288764773,0.03910791083260322,-0.08181632962191193,-0.11305076383608208,0.08107670196463095,-0.39163715032283425,0.06401971664521716,-0.07029275051388513,0.05743057519974756,0.005751870089129444,-0.1185018894865548,-0.19081366421294854,0.05312525022415411,-0.09249388325876672,-0.01805215231408068,0.0544751465162577,0.037672243351138855,-0.02420831600175237,-0.22245974022620255,0.01280858653292744,-0.029488002207910636,0.03473327791828906,0.2492881075878167,0.17413270798943378,-0.07211540134921741,0.05236946462335239,-0.19829208056732456,0.10160888356010958,-0.19684701652075925,-0.06743981504373497,0.022190496141561922,-0.04529629674223913,-0.15622350575442331,0.04244940182874271,-0.04707778546950353,0.12904742813103595,0.051750737987727086,0.25002314484935806
0.19078091704608469,0.10775019111213625,-0.11526544268668015,-0.08700368632434226,-0.147026087072515,0.15221717381208894,-0.17099299116454683,0.17831634974787652,-0.139276918063453,-0.1417872263841005,0.07121785057771944,-0.13595232716631309,-0.09509796556356043,0.06148584135005139,-0.11717351778725138,0.0741946754342681,-0.16563711052138305,0.08561036547439344,-0.03440640913404937,-0.15130325875013037,0.16563188625298778,-0.11158326679417062,0.10101788403797722,0.014216175782064303,0.3036413025560016,-0.0076863091147601785,0.07266705404066622,-0.1029633331625668,0.08519835994076022,-0.15010218996290603,0.015570383872684643,0.22547654497447395,0.13184530635117703,0.04004719374566631,0.013813248228914629,-0.018834971395059293,-0.04066669364273785,0.07264433987310341,0.050233474002637904,0.2722850325583639,-0.09202300019293201,0.17448774146369464,-0.01863463718441082,0.004315893550266748,0.28640582499220213,0.016741943292830887,0.019851201202852484,-0.02039122054200188
0.07726902482145187,-0.08299549525127063,0.022281535002009665,-0.11034828874857763,-0.15347644573058047,-0.07812913841332268,0.12535224350807664,-0.08489954317528142,-0.08827931895259453,0.14583287549399046,-0.24586469965157762,-0.2144120301877505,-0.1104363757973374,-0.06585933038610418,0.1927895889671433,0.011289534719154328,-0.11077127340938636,-0.1406683457240735,-0.0021183964998017783,0.135359707322423,0.02880665128540746,0.164594769791135,-0.04005642554405631,-0.06071776056329941,0.20126787274580132,-0.1506150196564213,-0.24484285054757035,0.0782747441227992,0.12380153630284742,-0.05938796783098045,-0.015496696187311513,0.38113366554372774,0.2556356370025687,-0.09456177342325625,-0.03217389499053911,0.1124734527170027,0.11820728499973199,0.005979812213987743,0.09364975981720979,0.030635401073529203,0.19321595122410448,0.1905093522146282,-0.0066295930078093986,-0.07481668970146944,0.03687949151537543,0.04766923340490653,-0.20308927092470347,0.16443891429718904
0.09746967260486059,0.1766545557016959,0.08995751382658812,-0.029694544314519664,0.07092849569045888,-0.2242078985552147,-0.049115106701918515,-0.1237937886596251,-0.13968777105093547,-0.1730742969242505,-0.022879331032331824,0.10870926586371484,0.013556722015755548,-0.05668671618846654,-0.05489198511564649,-0.14461838316328668,0.07375540385989224,0.011509440351180431,0.1949705376638284,0.02313706165915211,0.03550875537888099,-0.06930416960374562,0.08555782463709076,-0.21003822385061544,-0.040805069541367374,-0.2738737524992016,0.03048426033934735,0.029500762901950812,-0.056911190263335736,0.11880225844677329,-0.08721248400965784,0.01057091434081771,-0.024844532473065454,0.07808687804104598,0.07703593718465696,-0.09871821990095482,-0.05785284066034426,0.015796672524029685,-0.057968749601388904,-0.12581019484001246,0.017917138370517827,0.057707457478770464,-0.09604442938985878,-0.21125639182102385,0.01718430509793742,-0.013521368164011336,0.2036014605548388,-0.06143092068779548
-0.06551083410261507,0.13293928714879302,-0.09718300015682449,-0.22093446332851485,0.03843127711133477,-0.044008007959900605,0.030396646342504805,-0.02622056611417043,-0.09421681939013996,0.0835288509791159,-0.051483218884613595,-0.18252780182350858,0.13989412223989547,-0.1363285529278185,-0.15310042857496772,-0.02643336621097653,0.08439174328244821,-0.02791298569329786,-0.035405098360427364,0.06649648683509887,0.22156511922095878,0.1354990620724906,-0.08838781901471561,0.003920727651985414,-0.13963916286860445,-0.07586620307426982,-0.09272986365668656,-0.06007691980173323,-0.17827227828761727,0.12132950974159064,-0.11456760551686851,-0.12578454298211955,0.08453751919595244,-0.04383000193631159,0.1317123101504759,0.002012155481966224,-0.15315245672308692,-0.1419335809462767,-0.022996826878643958,0.24313723276309396,-0.018558321813159903,-0.0660914069241888,0.05350353929389261,0.09915725941107856,0.08830107029583394,0.10378006743255644,0.2725479338193286,0.046801261361756996
-0.04051645706909328,0.05521230115840862,0.1455338278143217,0.09228327740508388,0.14122231171348243,-0.03493751770571801,0.16632182890185152,0.07460086184588474,0.02302855939187543,-0.06844244148667493,0.05640225113278173,-0.17097050254317478,0.11112162748005305,0.02642369305143357,-0.03812284607885495,0.11335719326408177,-0.21490443831864375,0.07527832273287013,0.13806341691741122,0.10583959806900334,0.043615793352275105,-0.11113387956858638,0.16302575469018074,0.059243248039862334,0.11889597604616726,-0.14143303579517855,-0.08589932011879042,-0.0738230983942523,-0.010448113784553568,0.0378560165543083,0.09937288755172372,-0.017932627752090702,0.08112762612252272,-0.0185299352803476,-0.15508821606948486,0.016585635605765654,-0.12682223799083966,0.1794830341633172,0.1981845296722582,-0.08058168268058251,0.11853300429948721,-0.20561049185094352,0.06416275438246292,-0.12018078243149359,0.05857490686805176,-0.10026189312731457,-0.19610071828590706,-0.10550132888774678
-0.04467263272545259,-0.07787183503969568,0.10188921656744401,-0.036469150048048585,-0.017316192565557022,-0.17239669973635344,0.08898761690753966,-0.05689591132644404,0.02561223918570541,-0.08663647437592174,0.00841966497466447,0.016079525828907808,0.08440990178768848,0.1751000363461169,-0.012887240677685602,0.006330716555756651,-0.06185381045572433,-0.2190280915108447,-0.25427117558606405,-0.11307674443272571,-0.039467555435423456,0.24395997980284753,-0.20846514123417093,0.1251040496183871,0.15219820140193946,-0.06872325978202161,0.057996449474015235,-0.21791151607642426,0.1283809861185352,-0.18951165238301582,-0.16875395090829165,-0.1140186370433512,-0.0032288997943392345,-0.2027501391533554,-0.07768172969927485,-0.26814245143779436,-0.09766906257046735,0.059574921299739556,-0.12181669674777648,0.24249247287076886,-0.09032668941533945,-0.08831361675221618,-0.1657897232731627,0.2512131502697245,0.0441467439655244,0.10359172376560843,0.05872865200394422,-0.011977390913492437
-0.00031131403530999476,0.14254114139609128,0.10549119946932711,0.11006992984148466,0.03299855872743275,-0.11878664042866652,0.18899623051384037,-0.10781099100808973,-0.24059264326279192,0.029927245236485333,0.15770136429818785,-0.0011563176277440573,0.08084630617844606,-0.016516925356181714,-0.16723271594390607,0.12455919531610914,0.06006277220397812,-0.05398352810568394,0.0569294156863268,0.002534919134726403,-0.003175270039047395,-0.015273139157514591,0.1524808603520939,0.0629250981128331,-0.138107995589694,-0.097189043752036,0.022866716901184785,-0.19101209814539463,0.3326987743230538,0.07904687685081237,0.1669806692615857,0.1851955789615346,-0.05165230008439024,-0.2144203938184085,0.12727691430796886,0.08313858510512699,-0.015884373455136085,-0.09222845866170658,-0.0667535990190018,0.026793457802887746,-0.05344033232183284,-0.05357294542837101,-0.003950230944824207,-0.02803106531320513,-0.1612528298455117,-0.03419250385925797,0.14956421629284267,0.1923394081707424
-0.13294816561962383,0.0009145510063449316,0.06878520135260663,-0.20577791643244225,0.1577185155398873,0.26600951473929446,-0.24269048414324684,0.05911507827841336,0.15984454584316252,-0.0024992260412212116,0.007545509235501105,-0.048154979268897294,-0.1553246548777484,-0.2775214814793782,0.010459591306005848,0.09834053436267598,0.09702455346138794,0.1455165847437731,0.0008809344226436789,0.13730013835778618,-0.2345968905867432,0.07274099390876078,0.056194548491077,-0.06702634195046814,-0.00816256131133567,0.007749496391548696,0.021844241193884457,-0.0533692698924392,-0.031871226839896225,0.18096519152377163,-0.21694167671007272,0.016156028786291705,0.006991455008937006,-0.14531352122975771,0.07827664915172973,0.0015330669981411427,-0.05061523138701451,0.1952512396089472,0.04086121755321176,0.13978330216874552,0.012056033246159061,0.04109208896029525,0.07219321567263463,-0.053567707114103254,0.1449701242241414,-0.10960924540438417,-0.1850469394513264,0.1719898784515384
0.014407734426600706,-0.10841401452215337,0.12956456299722904,0.06493972389045995,0.21772619242008118,-0.0800477605048862,0.0819163844704203,-0.13873154987679157,-0.08821456768270385,0.0533242376620681,-0.10485068606356732,-0.1346006236376123,0.05831491006130209,-0.26254622822112883,0.07211920725903105,-0.1929478197347698,0.012634727413407987,-0.014890178282208632,-0.042622148542838766,0.007489744330261983,0.17145455839363108,0.016673237350845232,0.0585079498981743,0.09143225698929,-0.057516175855249166,0.13375310879102145,0.18389175674437186,0.14467740421677486,0.02865921814259001,0.029613191396761992,-0.016013686821091142,0.13649042375676654,0.22219394713373902,0.11838113431309318,0.029207200129116127,0.008500699532834272,-0.1643657750432701,-0.052618224214151334,0.04331505130521479,0.04569399539644875,-0.31114295725719887,0.029096287858630217,0.005125262563075079,-0.0049836055666070194,-0.31498866881238025,-0.07461133621560406,-0.07785344606371078,-0.30213207053673635
0.12587968677395375,0.18728131570069415,-0.12751988881208148,0.06676974737989377,-0.11263863644070442,-0.0966303353137985,0.1817080060309842,0.05687136680569852,0.32171105477663864,0.08967295779200658,0.16080383156288,0.046621071297697124,0.03516941937444262,0.03608273128597978,-0.07186755964780671,-0.030031928989255934,-0.12778219439278954,-0.0033191447024093564,-0.03273817535783302,-0.025989062070664364,0.1395372082951469,0.02838328964628441,-0.06619102083727406,-0.04251386689803084,0.019638129321282425,-0.1557603895156622,0.004779767791547577,0.08780153160474283,0.05625984711193722,0.028783761487338116,0.15991315205681692,-0.07086023863637807,0.06419015701066634,0.17237752465657113,0.10368821316878632,-0.009709536402460724,-0.14408712562269685,0.12717463230251305,0.02545113438006481,-0.08335978828109618,-0.015583764878059611,-0.10190490035351846,0.18529593454078366,-0.14098246736413084,0.2376692385411642,0.06516749699769567,-0.25882511210763676,-0.13916234996130802
0.009464158064495456,0.15894346827322506,-0.054859857660484616,0.10275278282005428,-0.09802874173103972,-0.04532752014251626,0.11361547544243006,-0.09839739530735313,0.138411468450104,-0.008533858208767632,-0.05044537415059859,0.09346556521402836,0.21748806200443585,0.2812812710912055,0.07102918183391359,-0.026263306000588255,-0.12924881270911212,0.1677968327042696,-0.043751393939411624,0.19746591111540132,-0.03487923864692068,0.041480751170439215,0.04279716668603895,0.15312834094660302,-0.19670768745430928,-0.16843670205988145,0.316948451725892,0.05967475732128177,0.05429232151242176,0.00026353216485154954,0.014199669994887918,0.0022112613279947615,-0.02879207647828703,-0.1435391582618782,-0.07858235274929888,0.003925850155791224,0.06965070273666321,-0.05477477316452578,0.056526780254007626,0.020058403042309447,-0.12378685618724776,-0.07457917145928007,-0.036718606256933316,0.09078657937604107,0.0807270923890908,0.14854235443558955,-0.025924316491169525,0.06491208161916856
-0.01740480947512883,0.041309123804662326,0.19969465421349264,-0.10584339444838281,-0.11871154522738822,0.02071369881833013,-0.04629758733529765,-0.15428300137295156,0.0859089197814823,0.045371401139469074,-0.005871697529357732,-0.10583199804338128,-0.058365385355110405,-0.012163625479112058,-0.034068765875645286,-0.05497786952186161,-0.08145088225800069,0.1136660625777235,-0.04150522193171957,-0.12736755262655863,0.10669387679072569,-0.03240248890144229,-0.03615186163993585,-0.06771404784271762,-0.18635308966059136,0.10028598478118728,0.09009173297704078,0.0467573491121222,0.1844068535320359,-0.14774693106157546,-0.06687604474977361,0.007853833890613008,-0.13527137278809645,-0.08734979456592215,-0.18070023732226673,0.008073174974592211,-0.0865345014761585,0.09963180382089123,-0.05144573627481817,-0.13457449549253223,0.011717573881414579,0.0035883678096917024,-0.02916065777430475,0.25009874185415976,-0.08577230413853434,-0.24607864421740963,0.05176279323420615,-0.05625216954574217
-0.17959178370161044,0.29634021094667107,0.061315566583314655,0.08125360474213658,-0.21193484907209548,-0.2523041390440854,0.08115734560412746,0.15886046793418704,-0.07155060284256241,-0.1296051050241052,-0.019021460129982987,-0.2653774057180543,-0.040619994243969705,0.3321859013662471,-0.11798887581276046,0.11972603624364467,-0.025578649497771753,0.13100790374057175,0.02868903074102927,-0.1614300544344262,-0.11566567260037562,0.11161873464020057,-0.01570822967673837,-0.21152769832018545,0.009009965818240165,0.013002357835950053,0.1291392849039745,-0.39524915435122804,0.060418079834968955,-0.016742634031933903,-0.10667423706162625,0.12898333778467566,-0.043516746094240576,0.15099360657114916,-0.050752587406516496,-0.29427650454218246,0.03795999086117276,-0.013521297725908552,0.04329959076433582,-0.011413624402323765,-0.013828325582586233,-0.019448997213943327,0.09917323501330519,-0.06248410712754699,-0.16710656147088332,0.07753788627466487,0.04977707291053888,-0.1372419617406658
0.043144916756717715,0.053265106316650275,0.33055277431665075,0.1295673482235243,-0.19975596961063474,0.0022934411789000903,-0.1633221051389288,-0.281209100074387,0.0481190553416116,0.1165923848908328,-0.10926668250660475,0.04389127886602616,-0.027077586163356995,0.02808455196178214,0.08717648902052208,-0.00011429084720877539,-0.03181822771998532,-0.06965571251595276,-0.09742330681655766,0.285782278409486,0.0945822884090602,0.15791640561341994,-0.22123277322554194,-0.08106771431444386,-0.06417236818696824,-0.011291164856102345,0.19090515828892501,-0.08236250873506314,-0.12138021506893219,-0.03572009611067249,0.011664329749955639,-0.09003251245660279,0.222052207851538,-0.09056537126259097,-0.05595311427866547,-0.06745734608471404,-0.18390749285424948,0.230937863864089,-0.1742282554686821,-0.12024385979504784,0.024824599148546463,0.1139405348833427,0.20009066767864536,0.04286391928975138,-0.1174621751102264,-0.178171907702081,0.023674545325404302,0.1113718311662739
-0.03148292002372355,0.2234965225940622,-0.08197088745343077,0.028653546741239017,-0.21293480412430604,-0.011993946768528382,-0.17691873033512773,0.07561485519953239,-0.1126830075314369,0.014008412049034774,0.20136625597633762,0.09431066581711241,-0.17302778316661396,0.09270946710505927,-0.10157520027601084,-0.2228811935302616,0.06257639563431304,-0.028795155211763367,-0.03280185116852,0.046586154342894114,0.050501754736779154,-0.09256452543263233,-0.08480953943882039,-0.09396685754968206,0.14311241733094054,0.16929123119990977,-0.0844521598459281,-0.012771355704559324,0.10535900596961394,-0.12293677935226106,-0.03593567591761126,-0.14701513561548774,0.04098428186256924,0.18014303294680817,-0.4580691798375055,-0.20301597297520582,0.12634425174329025,0.05881884310894934,-0.1389428556062432,-0.019576041174653253,0.16962870811854977,-0.06648181316369829,-0.08288970902579908,0.03266967422873729,0.009220593094684707,0.004147615383152139,-0.15739600556410938,0.1896165496670346
-0.001464947941792923,-0.17501884812486185,-0.12794085438511665,-0.04927808403833888,-0.15261687426075138,0.040873151900488174,-0.0006292818504471161,0.14702734995546926,0.35187518052210937,-0.0015943993904643577,-0.00804683736561404,-0.04671677650259893,-0.17371237422187544,-0.10099956846543363,0.19260336422639193,-0.06425186371527433,-0.11443202180830335,0.10242493162069044,-0.15250314395765385,0.053253808236003085,0.21064188424944189,-0.07523785682507443,0.06479542926584789,-0.038706358214090006,0.124634499143451,0.15701106692947822,0.05119049968158773,-0.127249865048426,-0.03336755226705729,-0.23175803321302896,-0.05634576705932919,0.02217100690301702,-0.10412128598267811,0.03626533108146668,0.18052643331819593,0.0945047512334561,0.2292116029768898,-0.1363066086097049,0.1976062021166841,-0.045086213069852166,-0.04403724288891705,-0.057560182580619,-0.12156262726879048,-0.0672835435219236,-0.13187929065664464,-0.2492005371331808,-0.046281022216226986,-0.02952383761384674
0.14484340949100227,0.13458028889195486,0.06366657457611011,0.012569352265411554,-0.06768154328191572,0.22619248544198525,-0.05140548506509805,-0.23099250727515797,-0.0400897442719446,-0.19357347854138604,-0.0002013887071466879,0.2990265983499511,-0.16756498612203205,-0.1421695228276679,0.02910480651738873,0.0386750684021688,0.10096828032251738,0.21286521722558718,-0.28847870164976064,0.09443158780336561,0.02908656738654025,-0.15971323083130204,0.1209274306956828,-0.1319744192397783,0.1019571926348588,-0.14215566396032187,-0.09402253214543052,-0.08056036341566149,0.16105072544157925,-0.022173630285152127,0.18388806317831838,0.11003235278700564,-0.1455941258777083,-0.11463349249550825,0.08688599619575954,-0.14392884669227948,-0.04332208325861196,-0.045114728529134875,-0.0736389527679134,-0.048356032220307904,0.12637962601554334,0.20986459873060154,-0.2657135052321941,-0.07586155179557631,-0.017336658741946193,-0.0008014556750336522,0.09967127082358183,-0.14684798134563118
-0.06448310080781068,-0.08920415948931157,0.1802657950534394,0.1433431093385147,-0.14535789698243476,-0.07747524558334197,-0.02234955068399786,-0.07923565664169764,0.06586716563944654,-0.18233716310933565,-0.046049290570474605,0.08201323366814928,0.08006045725078109,-0.02859026512814308,4.036585392980966e-5,0.20100858960653625,-0.11724503852201697,-0.19092797556472993,0.04089242404093869,-0.05162266494481357,-0.20136175178250285,0.07408164519396118,0.08879859941822159,-0.066179687847854,-0.0363017523960759,0.023997496011222745,0.09339240541290197,-0.037551840882240575,0.0071989466232927094,0.07099660303444187,0.023572277727934614,-0.018579111437032152,-0.06987429355108872,-0.06394496999287959,-0.1824065403907927,-0.19221120385634657,-0.03687230568662972,0.12806600092202453,-0.22096086353664132,-0.1022358477081213,-0.04643386875028651,0.08552288656795269,0.03999308869141239,0.014429830336315232,-0.0955993480332921,0.12893950554206116,-0.05145863727914066,-0.0023462769473728442
-0.06725873279180906,-0.11837223232916552,0.005982051177492518,-0.026304636861999915,-0.07586401364254412,-0.1183938848760807,0.1807941868013644,-0.1126047008853195,0.02022540675895902,-0.03310197438356428,-0.17733511488035222,0.11231076549095748,-0.04300015359032683,0.06857809279681919,0.11163932600356612,0.006342164988189893,0.2946169986688274,0.05556525012743033,0.10865977238767431,-0.048479544865296036,0.07674386276742515,-0.05180847633723356,0.07652680093434804,0.014793702686532269,0.2089721643396285,0.12184044260910426,0.19511539200227718,0.2406744004565239,-0.0987241150215663,-0.014175924118311587,-0.03206472110916527,-0.02183201379526059,0.11614389819262005,-0.019464071962441307,0.19369162418169544,0.09162290933230441,-0.12636436479507002,-0.15849610838279743,-0.07766691698978404,-0.1785185521697224,-0.07892619368928756,-0.1018067943041292,-0.04228465368531117,-0.017393959068889884,-0.08403743308175116,0.05893058000036179,-0.14128733653263142,-0.00033405271421008077
0.08337414409218515,-0.1137644505654804,0.05957021690803425,0.11483513463838876,0.33812388126309234,0.03372404347556484,-0.151905417823086,0.05352792453081547,-0.1626294044459122,0.014284710494346813,0.003047832087442861,-0.08329012306736176,-0.10219416965670837,0.1732923348026983,-0.28665528665697626,-0.0543632126706215,0.08455928325765866,-0.05992223761391675,-0.0476926304930384,0.18084700246375005,0.28458573998444353,0.18333686706892938,0.05018691031028474,-0.024667369468616987,0.009903768275633733,-0.06518309416261511,0.13863755281815118,0.11817168615754292,-0.0018144378382212963,-0.1973105663983916,0.2378850763843379,0.01774954978745878,0.03730160166862108,0.15789816555928549,0.04848997056161899,-0.04007646222357044,0.07900253263070055,0.13333857097723897,-0.05278102505099236,0.10841948116390304,0.1929953820429497,0.13968589690400243,0.0672378415266944,0.09505513495966902,0.20896990986406078,-0.02142454228818085,-0.07795135814064681,0.014754133470966688
-0.1783957228627081,0.18718310080643383,0.2070993351931736,-0.04892767038517341,-0.08144331999151734,0.13387620207977285,0.029318744951666573,0.16384749299517093,-0.16377452961585673,-0.24335334159346017,0.01947052076651715,-0.10040054769178298,-0.024613247933624398,0.1103272891433819,0.04548075621224257,0.1332621305281625,-0.06695901277814541,-0.13570920170142226,-0.209895212728135,-0.23178538851141164,0.1172261879601623,0.04236274030285056,0.16677155077694503,0.24013124555044996,0.06577126648093883,0.09162535327445588,-0.01993495786910153,0.005988784985122401,-0.2644605201499877,-0.10853443755289997,-0.008382144786382769,-0.06997310629940269,0.15855473276922305,-0.11711657752116589,-0.36743425396753604,-0.05197342067910063,-0.006927869841519516,-0.10641788804648268,0.17306451121261357,-0.07448120264329838,0.09660378123819735,0.10061399357160995,0.09047722983032759,-0.2926479872340183,-0.07059034719210439,0.011014825950490649,0.13951017403527807,-0.25543711432309446
-0.2555887076915949,-0.08003056089803522,-0.001230558973203069,-0.21106725027886922,-0.15006374401382125,-0.12897954354905988,-0.018016685501457557,-0.024372862863822776,0.06485709679274562,0.13792212503169582,-0.10656896506533937,-0.1014747039066699,-0.10634159209361652,0.03350496268250072,-0.11804856897991071,0.08356786432214994,-0.16817413358297614,-0.12973066836532696,-0.00966628038862368,0.1575925000333309,0.0821603651884386,0.07427454815079772,0.044894602167285504,0.16511822195626913,-0.022448319399199827,-0.1913453649580584,-0.10274660186446093,-0.058779792692597664,0.1215259184310038,0.22677314269529464,-0.07965737571250561,-0.04364575645422756,-0.25666903486999526,-0.08160318099868206,-0.02664438088821433,0.30701542010287364,-0.041732514463983426,0.15971903566950285,-0.06627653309353841,0.0798998971837832,0.20243663045458524,0.20261660668948372,-0.22260276812395202,-0.1277430347995755,0.19171966627714493,-0.250594265443395,0.006871167710027751,-0.0034652921715398865
-0.14361876864234524,0.07065707272516751,0.000895050751004165,-0.03339470078198542,0.026450522706345837,-0.04990080584220445,0.16061179606899545,-0.2074954335337137,-0.00743046306225139,0.09803571342647514,-0.0984926919638028,-0.09441991141190689,-0.16762863498189406,0.011602071472773572,0.0012255639642979794,-0.10396318625648827,-0.0679895060346724,-0.0729036527242639,0.12363853675747101,0.051784340735480994,0.1044170988561002,0.1232064301111755,0.11824251144901089,-0.06396972228004348,0.048164322999345796,-0.04555013109738696,-0.10837278811236477,0.14009152441912046,-0.09812080011107614,-0.16186179575174514,0.1928946137923799,-0.09954322561605619,-0.1918114335136753,-0.04966911858848738,-0.06909312395025625,-0.0027666715224566236,0.1720525896417216,-0.13605354143718676,-0.2582373393233877,0.0774655934535592,0.08359253396674625,-0.06121832584165816,-0.001110095470338799,-0.14748166937705479,-0.04098691462431876,0.07390984796864905,-0.10414554530085968,0.15383531278380522
-0.20657774346212934,0.028630274081082433,0.0066000603485911555,0.05019417688596131,0.02860215300596288,0.048868716895755046,0.11971397484327885,0.04014266380082799,0.09379766431620429,-0.1538717230763854,-0.1115511840147975,-0.20541036818136016,0.02945362983649203,-0.013932188353677873,0.13320358137739358,-0.07478431394550387,0.10353942142544527,0.07399796485500904,-0.01547084182957947,-0.05384524365684827,-0.08627474590340793,-0.36947689093486286,0.08470318387931038,0.10453103830643828,0.03864136607921791,0.1138067022908419,-0.29732167288561256,-0.08766043937746223,-0.1050093627718755,-0.0686214005004395,-0.1020020689882438,0.003461759264805946,-0.015734625373050357,-0.18020172498590273,0.011358471203560093,-0.3511580232534453,-0.014163904797525639,-0.053470179896393286,0.19748413338017437,0.08062784865710906,0.13309390361311296,0.13624460582163198,-0.04930548415549506,0.06612321673518587,-0.0919759005662941,-0.2826842607927227,0.020703791945346824,-0.01495441303722342
0.05263850811287548,-0.1938960557441384,0.1686624945845538,0.15289803540527583,-0.09566634060053926,0.07807454030360308,0.13922049832317276,-0.06234253229287778,-0.017698931251111393,-0.0070535601958057565,-0.1405474608150377,0.21680510757791863,0.08686080594149602,0.0609103826457766,0.15575661326816456,0.17543254980577705,0.013406315263361673,0.19145507245147547,-0.010912048823530243,-0.1304924123265621,-0.025793966969353675,-0.016845024972219135,0.1432422014850866,-0.09943140470767088,0.07847914773886716,0.20223053278104117,-0.07912712716354076,-0.04064172385189392,0.06245561164921439,-0.2382763137237791,0.09974397076644816,0.03499632558238835,0.224929035835796,-0.1045832030722153,-0.05832210864497339,0.10079251969981552,0.040743166311196934,-0.09216043587687164,-0.14411003969595432,0.08282890063844994,0.08846405909857358,0.12508246629406222,0.0725988422357937,-0.03670757295218024,0.05943765860279686,-0.11324619908398655,0.02343374284758821,0.20045472134705672
-0.07643980316411392,0.12759957221281606,-0.05263397485981304,0.1393243569618642,-0.18665144981995227,0.1444078434307887,0.026797263844547815,0.10841808400883064,-0.012325234489467731,-0.07635526290487143,0.011554061576301235,0.2944996451555619,0.06496829740809074,0.17344009366928742,-0.09840935277001371,0.13842038664201978,-0.1626799802030944,0.1586933530065696,0.15401473081025924,0.06323641070676467,0.05040613186190467,-0.10787430983629036,0.11764349137723014,-0.1751312455496532,0.05967740808026263,0.21267485542039724,-0.14576352353719269,0.2573857036060618,0.07615375010421173,0.058019404885027784,0.008235231109043744,0.14741970311132266,0.10490889899986,-0.18399034652211488,-0.18678226765487252,-0.07081013858195974,-0.3239490380457239,-0.13109138546214233,-0.06650351304988408,0.05491094672609627,-0.01738907673313616,-0.05307053384727867,-0.2582092195382713,0.07173930829589759,-0.22485868692501368,-0.08523544570089317,-0.0017653209387518117,-0.23959367501164333
-0.0036666663581902273,0.006462011086692115,0.10861825532996677,0.06774217098518957,-0.13344807566481184,-0.06259514171421011,0.1558550475542777,-0.20092039956347152,0.027278518759269805,0.23571733720362276,-0.18780082561509107,-0.10819221566683032,0.2565739204840921,0.0054203557824337185,0.09170244570597648,0.029286302249823194,-0.08857437009583813,-0.1943227635660348,-0.23856001211617625,0.13818550807771846,0.024283572226830457,0.031502488372927434,-0.18653344263103744,-0.19368272533616987,0.10708140021116751,-0.13743711759234975,0.032020040070047114,0.07316101194950923,-0.13551728022271933,-0.13311255123720422,-0.26254201751059003,-0.1266182011046283,0.07805629112827316,-0.11137142786162839,0.1049374583397386,0.040462188754023964,0.13464453800161247,0.046997729312535055,0.09982513924308602,-0.13962930908365356,-0.005228832506477512,0.0218040598204699,-0.14759814398033308,-0.05222040397186486,-0.2595364797216631,-0.11052844645857449,0.03988783077682833,0.15490438085367578
-0.1415052055504256,-0.04103099019101834,0.03258767799779913,-0.03415949350771075,-0.12427567602790314,-0.061760077809381614,-0.2902997310083573,0.18216901385426842,-0.10411552940653623,-0.39542077566822487,-0.1098743346694035,0.07171494544496433,-0.00673811663780722,0.2591125084115686,-0.10548477639179513,0.05900878406810638,0.18544822964556712,0.04927047957554863,-0.03766139103298982,0.15113235274959258,0.2762291481241167,0.24324130057179416,-0.1801453273470663,0.0008670507176140404,0.022918642865457844,0.11899889552086408,0.001815910983463454,0.0007250199971301299,-0.21294118122240444,-0.028236705117511304,0.02115061626261547,0.18650678658358408,-0.021595883424843462,-0.06607708606663158,0.0587239533730347,-0.11936662977025833,0.15638785340771488,0.046423977272214284,0.24100833305379107,-0.14785768255433807,0.15194745918883024,0.08083988813542321,-0.06964232645499266,-0.04891213474530698,-0.07271553098307625,-0.21125321686667486,0.17217746465847483,0.008441466873389994
0.014257264621120333,0.1320518926508733,-0.015060451816091293,-0.09497354720570511,0.2367567584863997,0.12605497083164768,-0.03796865688101775,0.05258193613433152,-0.0017342292234779903,-0.14399101149249813,0.0357281941233764,-0.14530490209681396,0.2013279728308298,-0.10288853857458492,-0.17690312175474446,-0.028713319051626437,-0.01834587483765684,-0.10171542543010505,-0.1291801804564172,-0.25485492646956637,0.05000784044588431,-0.09451878628384745,-0.13439210587820843,-0.044255875364941494,0.12042284812353246,0.01934801732912335,0.19924988948589176,-0.11342208674241526,-0.011962775239276758,0.00895561232978192,0.03862357921464862,0.06672830361150202,0.053474101552122136,-0.20709603230961823,-0.023130758602011574,-0.0693146857781695,-0.05288244161429384,0.17311850981168878,-0.2758806582050293,0.007510510930099899,-0.11343483164776735,-0.28056250603071925,0.14294991619599398,0.22656667467060046,0.11827126533540781,-0.10776375799883102,-0.1276654548688612,-0.00828858717389377
-0.011169422518466521,-0.04262484547361087,-0.16465636953976331,0.06527201508099936,-0.04186377720768537,0.0465707277000189,0.162974405064471,0.2940758426833461,-0.12696249915522637,-0.058207688187553466,-0.128860122118265,-0.09670179025534048,0.03351988047834412,0.043392857356804176,0.10367077671550863,0.055737281292017715,-0.08657100180355683,0.18862114541078345,0.004485282608527573,0.06623000923927658,-0.17427371858667343,-0.1558617239368073,0.12654084356129594,0.16902122043176243,0.031813249769434226,-0.04190824164421945,0.017694906821360115,0.04012908295930545,-0.07089430369548513,0.2232968628842258,0.10047426347150538,-0.10761007059957865,0.2055296793654536,0.21495209188963493,-0.1592518689035951,0.026068374072452417,-0.08946457464090958,0.13463773154560896,0.03608069891840627,0.11181285970969831,0.14392857960663827,0.055238276446387395,0.10047231435637405,-0.04391904416528085,-0.005243150929880089,0.20164013560780297,0.014100655950362355,0.17969876521705247
-0.09455056422690548,0.12391241820157606,0.015470031939850207,0.12479768665394018,-0.06970585247576414,0.07941543689828073,0.24138590906220425,-0.0764803811100356,-0.006649923663324602,0.06813429295362268,-0.10649103148097357,-0.09087146005680698,0.012080474431942347,-0.14849471897301575,0.053158739132073585,0.21753825013230346,0.0042337847522536,-0.03600158631951768,0.011162105270726086,0.04329964479742822,0.1312002961101828,0.10568669544004365,0.19717838473420338,-0.12222599133944473,0.15095585567769773,0.05142455590728192,-0.045465682114001704,0.1262673168277716,0.14287899043636582,0.14063064492730226,0.17095477723184233,-0.1350890536648509,-0.1162875117933836,-0.03381521826313679,0.10610667617210949,-0.03461136087806903,0.031049172529848575,0.12887365558679043,0.00894928753190573,-0.19314140096378482,0.014910854053421666,-0.05126381756038817,0.047512325679176674,0.15707146914976416,-0.05577696545779923,0.016748702333132755,0.017307478137691058,-0.010051623806370848
-0.09581742177648944,-0.0034154557344797764,0.015523635588430042,-0.14444602917909294,-0.03381084383458114,0.18819635822367484,-0.0039443999163060565,-0.11815332215084343,-0.08387627559986714,0.15791186657838832,0.3006293286528165,0.07492621108806179,-0.02044051053826683,0.011791181946718118,0.11079754193898225,-0.05647197992585548,0.1092541641590629,0.30055768778486885,-0.008947868784391409,-0.0940430416477791,0.21983846985953184,0.07945723453413558,0.017564263538787917,0.09399478708346846,-0.009564119669224398,-0.09268597885386529,-0.12375633879368826,-0.01975232737961627,-0.04772109751739269,-0.01740692541199544,-0.02349931334835296,0.10116857861597353,0.07908791742231823,0.23706584610054934,0.1647637757289001,-0.10502178127005544,-0.002585258551174601,-0.18540665567138584,0.11419938652500117,-0.0746343775942763,0.09010577126869294,0.3205543078823905,0.045756500182236634,-0.1470670442336227,0.07381700128418582,0.1094736379340719,0.12384580826622472,0.0758945759127965
0.0837547258732445,0.12830785688130808,0.2310392504341231,-0.10807935137029512,0.10916112739662583,-0.04377226975592759,-0.12328651115775488,0.00405788346737489,-0.01650137979546793,-0.024760838135418125,0.3298233273593087,0.05341969767142592,0.10724005448822606,-0.15691745248875597,-0.09238902478511357,0.19165103293227165,0.10684109046821234,0.08983953782018934,0.011294936013431477,0.018578740834658727,0.10656914804498258,0.10171659559286976,0.010099685094927598,-0.15257606522299008,0.11696748713593555,0.2042791231786808,-0.14744631727449503,-0.055263515684376194,0.032246904712152594,0.03444456252476271,-0.012594177481837342,0.12159017567781037,0.09289492454151195,0.0028725008943307046,-0.1077446634985993,0.16693214273960114,-0.0835355058289494,-0.18015604084742856,0.038954805806282924,-0.059878437207811296,0.1624104928953451,-0.047456940818436544,0.018625167322994723,-0.21927787585222652,-0.16965339973795227,0.07770284120395352,0.04187492090281436,-0.0011070405055525734
0.15377123156489517,-0.03829555968443814,-0.03974847319938261,0.08603009562831561,-0.09535602384777277,-0.14160243242307471,-0.049785120163947434,0.12776403793545876,0.039930430728094414,0.1366741627573355,0.07032529849707016,-0.13763117477315404,-0.09614004253732204,-0.08874775321415346,0.13174168682672238,-0.2641356183711025,0.010306148718372375,0.06247245427948804,-0.09453722453869752,0.003230129569115138,-0.1494478246714502,-0.13075816386014655,-0.018803084221845175,-0.09781636352728289,-0.06927890745606355,-0.11440016014848715,-0.33481170828096846,-0.1424687379490633,0.006213519642662673,0.20849897784732824,0.03149595110559109,0.03953334504787702,0.042459487697914244,-0.06956925537427426,0.1453851737295333,0.08365213180350482,0.1415890856802473,0.08753702646936609,0.08691579277834466,0.09083008224065024,-0.02719950192816116,0.03825195044190793,-0.02498176785004493,0.15074920661451463,-0.004201550376389508,-0.08714205267201629,0.004494490400515298,-0.002273190542247349
-0.04585818472819156,0.016150977452003994,0.035059559462115156,0.04794222956974396,-0.04488436398566819,-0.1443991673844208,-0.0012370573888865655,0.1053848601525294,0.022710447004425684,-0.06443264042592907,0.1324937836417824,-0.10540078313126057,0.08363345008143719,-0.07577384333358426,-0.23636265695782835,-0.13957052737045406,-0.01294631533259043,-0.10138845199847006,-0.21216215149385145,0.06064055272760535,-0.1131134409668334,0.031983821398807885,-0.03758707640297782,0.10582295707216124,0.23214241203060415,0.054611899692723655,-0.02140038445124475,0.08681427371405508,0.15457602651362687,0.07760046935969216,0.012720437616204483,0.0057871054124139275,-0.020635564666795607,-0.17075164863728776,-0.073299088344757,0.037491837708255864,-0.20339428279051547,-0.14834171931797693,-0.1985031466062418,0.058725692118030484,0.12868744548751668,0.13765041118097968,-0.15327777561752137,-0.16050945383488033,0.011459701528335793,-0.15527019667996164,0.08950390151203334,0.1264514456920135
-0.08470043786829567,-0.03265498349330194,-0.15522691766420818,0.155139624848653,-0.04954818110976182,-0.07469108341427465,-0.0812541057560235,-0.2610961046680925,-0.11646401484781876,-0.08039755203282392,-0.2812519223705554,-0.05034936848832551,0.10934736016573424,0.05500679255174474,-0.0037047178849521976,0.011356748782526106,-0.23522877795788041,-0.016615038147398557,-0.024830309819132288,-0.11947911924673332,-0.1266671328158026,0.01900517728794343,-0.07763026564471116,-0.036159517697044216,0.1664866567090633,0.049439383067436636,0.006403045512809727,-0.13779158106082,0.004705413539583502,0.04935914865961537,-0.0015599253834140423,-0.027694090338546053,-0.02775913502135683,0.14112244639583382,-0.023273246425251134,0.004708562918988157,-0.02538257016705001,0.044682691502216806,-0.1424328488140802,-0.14602869372218077,0.011610288374303761,0.03632643945410375,0.0010188668217442898,0.031172335669830672,-0.12873194407655822,-0.0937008200143146,-0.057648706478821324,-0.24382455091814903
0.16936521376055153,-0.01569807410848737,0.16434703609813683,0.021284508887913358,0.1451735806472565,-0.17890995748558894,-0.06398748655606011,0.10829781785640347,0.014401956136551897,0.03257314353218701,0.07428096045231963,-0.007566206873261952,0.1253158107718037,-0.10585391731620412,-0.07265335304124519,-0.06343540528960773,0.03277493248601805,0.13634562833892983,0.054998322724322334,-0.11922712731856938,-0.0632691941888758,-0.16929931771561985,-0.07614398712149198,-0.0681316696000626,-0.15111277491526748,0.21763846197181164,-0.103177721960518,0.011377844094673115,0.0679878186194711,0.09143176157825658,-0.061821816799855975,0.05837300419235421,-0.011147554417258343,-0.06154148704197516,0.03245458585204244,0.14241117288381372,0.05971096362662307,-0.1577564403552888,0.09718232650892987,-0.06651912534434076,-0.008591902060873057,-0.045558444801765303,0.17487324906064464,-0.06032315550346064,-0.013074098329213885,0.1842774417887152,0.12432789774600289,-0.053473602707329836
-0.06845686173122412,-0.04847088757135005,0.021776438124055778,0.03044071854331423,-0.07373753926983005,0.0381032156257077,0.0872760499540467,-0.016937323057527032,-0.10597332435581741,-0.026325996482290316,-0.032628783854594605,-0.05467943622440375,0.07855730169190779,-0.140663988802557,-0.10304967451254908,0.06190742374138693,-0.27109914379445765,0.027712990391943134,-0.2394865941519011,-0.10268997216688011,0.019031334060411218,0.04728777001058644,0.2831168508471085,0.0872671720394956,0.09834671642487572,-0.06710486263791786,-0.051158524802937595,-0.1490233915999175,-0.025631949759036217,0.11253879789591063,-0.14005499123441573,0.0070428538286347086,0.026824056416003498,0.1880044323043995,-0.1355884619453276,-0.17237565075724398,-0.019527813366102258,-0.11258404710505039,-0.12050292711831628,-0.07205639597919136,-0.0020249629405925894,-0.09467202905651385,0.03479374177494371,0.05241771442935289,-0.001413540218255855,0.0870807252456359,-0.08585103785668757,0.031016180744266215
-0.01708607337831228,0.008388226969930475,-0.05771954076936125,-0.2803069652318682,0.07576805008140637,-0.148894737064075,-0.04685226811492995,0.06033468987260916,-0.27760870526439224,0.08988913822924248,-0.2672357145687518,0.08670189833894511,-0.0611160003909317,0.10613910390506108,-0.06114367522732697,0.0248747801717059,-0.06887356314697493,-0.03085666697694334,-0.05809554109940351,0.1948527282974889,0.1929069309672744,-0.01817488951316948,0.03358708434234504,-0.20681694436745807,-0.010732377388193125,0.05807850295501384,-0.00029334766678214676,0.14616061548978418,-0.12904336005413103,-0.03919971310912988,0.16740944145774794,-0.10933626792772533,0.042521679950562725,-0.14899556063025388,-0.07998319347850921,-0.004474729925814123,0.03211109970191213,-0.10797109383091531,0.05008068467332407,0.07913585796235509,0.22576955452460445,0.08583215805842263,-0.1423944209049207,-0.116456973489286,-0.04761753019463766,0.12935743350252582,-0.06975867706884446,0.16430365987986062
-0.18094205520709652,-0.045062751070033734,0.0006889935294920312,-0.0732808038194256,-0.011924484655046615,0.020550674215705934,0.051100072101143305,-0.07193776854963728,0.1769582099277192,-0.04620098892104509,-0.006657275365396309,0.14953806063205002,0.3143137315195876,0.054083704035306934,-0.27346344080235907,0.12575152035404308,0.024798023711985397,-0.017039544024604825,-0.060471272879229813,0.0698978794684101,0.19326694755834553,-0.1827195733517783,0.01832989951663463,-0.14841991135419194,0.06626178596485428,0.029232388571809497,0.09200532628252142,-0.040596323456653274,-0.07775114915826091,0.06585027480828307,-0.08772283621433333,0.03182428064556611,-0.17829722474844276,0.15622182743884672,-0.10940588862544588,-0.03460075827841299,0.015693925671583453,-0.06389533492139043,0.029511129319340777,0.1570273810761771,-0.010610713978199257,-0.14412801383693866,-0.166217308398338,0.057851639754530636,0.0794101581142744,-0.05662733022208145,-0.04280787944151349,-0.052190507762410486
-0.1818591950987264,0.14248146859080674,0.05304812101947292,-0.05038900472341381,-0.1759002435141803,0.08563554923545134,0.033126936341107624,0.08005961719495991,0.1675400304122632,0.1033466876810416,-0.027375167775719477,0.06094572433416572,-0.25814878054539464,0.17141305480270447,-0.10329252943302289,0.11059679565765923,-0.08349657344906421,0.120915538176353,-0.15195583960051728,0.03720743766213279,0.02644456341384017,0.02378135807486603,-0.015013809681530791,-0.09999232827136358,-0.11121350147219239,0.20623655333380034,0.08886404831227633,-0.05613981840773127,-0.18229729116256352,0.1249596036922783,0.3110034318254733,-0.05629788911659571,0.041851483707767846,-0.12116257729036321,0.008546739611120374,0.02574768901150467,0.11611043785836068,0.1990368872393454,-0.10269446211162536,0.1224879648768978,0.1702667874755882,0.15074963804250502,-0.12623654001477988,-0.20196086141465922,-0.08757676758235956,-0.2870080633901491,0.11491684889010337,-0.08261022625773287
-0.11415237899695616,-0.07001058812864039,0.2018632831632151,-0.15602555901971438,-0.1471272993094317,-0.18540537474915825,0.25976439733292506,0.01693912439077879,0.18214316042734724,-0.1857949453202057,-0.027813148578287962,0.18314125750940696,0.019094296411400005,0.1537044915027145,-0.1040895502245578,0.06451981374165291,0.2267471750580495,0.05533659101093123,-0.10379466802774921,-0.16848301836503768,0.04029441040830875,-0.1612190360114666,0.06291468999644426,-0.07468838738224275,0.03889019083920139,0.03717556454400315,-0.007815278950278339,0.14525445291362069,-0.1319055325416836,-0.33334187605658533,-0.25246308085236924,0.09587264941192146,-0.07251384687412814,-0.04354991472381668,0.07917055274528045,0.2339626026515764,0.06928860593110736,-0.02720873845249982,-0.18000367383476698,-0.038819114543666614,0.17607768592915432,-0.3165750088592398,0.027566259117109988,-0.19745185555202205,0.000831738354268234,0.11764582009708234,-0.02231558520813597,-0.1271518359082717
-0.11642837431686254,0.19038502281406877,0.2430242891272574,0.3603830544433989,0.15753019597980888,-0.07699589849633635,-0.0600231987477999,0.0991423870785154,0.19367596988379074,-0.0669394126156471,-0.13196888175084984,-0.05953628653336491,-0.035008969231013425,0.10101320877695216,0.10734106956813723,-0.11494318650673402,-0.3414172753826539,0.07040454899320861,0.039156190865624725,0.06032943639242636,-0.1342136023153029,0.14892519847449232,0.016817483930616984,-0.043835477809460545,-0.1962110555349024,0.11320266992111368,-0.08069201936303169,0.0004058263608297746,-0.03146447367626121,-0.05764739826788793,-0.12240516587041787,0.13428545678588788,0.07857132897668072,-0.04122307022833403,0.13856730347510626,0.007007040215220375,-0.038752134256402684,-0.0058920374600103425,0.07821315947973781,-0.07859854665957491,-0.225867810347959,-0.07097286962184306,0.141978270206376,0.08950127469487698,-0.01708753085728552,0.03514970237405064,-0.13356503833847894,-0.008331275863321686
0.11437330837681421,0.013637165714952113,-0.12442468432086676,-0.01759863984486549,-0.02063912815949079,-0.13256736173155254,0.12739995369591306,0.08994333833406816,-0.04735471750268822,0.0336054267930527,0.1516366679984417,0.07109491434342645,-0.0919582047316786,-0.018855003179958287,-0.04446974982248195,0.1435772879898214,-0.02959399791083328,-0.17640430299646795,0.04125285933407462,-0.03361958035809407,0.1337624519894822,0.07124691723466826,0.0499210182770457,-0.0015539218509338078,-0.10820560922624743,-0.12496577043648935,-0.16378452008970212,-0.07995370128577928,-0.1363353643216891,0.19562922010119527,-0.002038236478240613,-0.08756741794645809,-0.1397453292272942,0.23863250816760853,-0.007303547407930992,0.15784963712761738,0.011696385880183529,0.02506855158222255,-0.001155768924093277,0.13724795906826265,-0.13931796360413215,0.24821842569096061,0.14604106411616025,0.1506404055792561,0.17637143188189291,0.09781895552085132,-0.04819258046463434,0.005487663118745328
-0.12690124174457987,-0.24298471315170445,-0.28436895374206284,0.022361419890825657,0.15741407486597825,-0.08825194390377046,0.1808951157434339,-0.14345151505068668,0.04419699668367286,0.17747355174836243,0.14493497564187746,-0.09607329260277496,-0.12343448872598868,-0.20979096853656892,0.09395110542617453,-0.010512510835103796,-0.09306938735605351,-0.17825332484023507,-0.15587277320480927,0.03981243364359525,-0.008827198017967532,0.020271425630460797,-0.3334231471089958,0.18560530496403496,0.04362862849163383,-0.06928326344103691,0.022406778699424788,0.25113865574767297,0.13215132492983325,0.03137077724712536,0.06708760321130268,-0.13138468033528025,-0.11394402580480753,0.13383192847950187,0.1715554021935528,0.11710034009948508,0.2698293304210247,-0.2541420130932881,-0.16201688655102958,0.08486373685783913,0.10830720963594338,-0.052404032657569814,0.16159446092043922,-0.09922189215476572,-0.20537779953503943,-0.000738757391708486,0.06067820879027236,0.11093541937470446
-0.038730857490664856,-0.05199938475737354,-0.13028235890618461,-0.06381743001278338,-0.10214433552850906,-0.08875468916746451,-0.2548469237021566,0.2218081132574797,0.10250102971147067,-0.05342901450286175,0.00043017042049850826,-0.22493696937117771,-0.05948248424356226,-0.14396619287244675,0.35362171095444594,-0.046751181538454416,0.09817946529725344,0.1211968405717433,-0.0013385238132050136,-0.1914835427477261,0.14265503679358027,0.0640288545497769,0.02647759750283082,0.0838953251676878,-0.24830046611282222,-0.0780174694517513,0.020317147781577335,-0.18225330672514012,0.024456891118744186,0.04203707167178333,0.044512766251629456,0.0948407104120805,0.11137338000533929,-0.020746758408685836,0.05349081612858906,0.07512847777006783,-0.1659325425426505,-0.09853891978894291,0.1895146205976508,0.2280283540431329,0.024064280980397337,-0.09752860121354236,0.04192888681333778,0.028355666198036488,0.1878176731424956,-0.24518328804015757,0.014738839880247432,-0.17794828003506646
0.050454353703615215,0.007304697214413628,0.019228941115120496,-0.2531313546318131,0.041618322658292094,0.1826055174336625,-0.06989715227624259,0.07492057162979178,-0.015844568103628984,0.013401742292865471,-0.2758173373948473,-0.04606665577295725,-0.18416339210267887,0.04866913945684933,-0.04993949945701902,-0.2509664792842129,0.12848325916989314,-0.20483783228804925,0.12245319125205639,0.04046291169325835,0.005580908947168763,-0.24372141238628373,0.0018631095644546774,0.11694569109115814,0.2084865025289644,0.13165839239563532,0.029103246965840275,0.12032491848147453,-0.08992987930751002,-0.19930354065017566,-0.05711827094501179,0.1627682303583499,-0.2114960489054122,-0.02087260616646617,-0.010561694265574635,-0.04302427550260037,-0.05954743857593861,-0.14017935983969115,-0.016424664984868522,0.16605600609158308,-0.020645011137839207,0.007708231115494017,-0.08276043721723414,-0.04856645991356988,-0.06985348268928394,0.037662394897233116,0.1620140645867258,-0.12061271337721895
-0.11241920394965081,-0.08085985533552689,-0.09530894814650484,-0.027754681606386337,0.1224307400855737,-0.2035633282203921,-0.01765905003898946,0.12426250344227924,0.028069100729468773,-0.10192946024293106,0.03956083068977889,0.05481652348152387,-0.14348601908434339,-0.17520887559218376,-0.15258463407563294,0.186627155198356,0.06264971614569086,-0.2264393625083202,0.07047224775086951,0.03508042798125758,0.08603604995631181,0.17213805497262613,0.06670333120865211,-0.19691204064463985,0.012132691510271536,0.14195613138389016,0.08724356211286984,-0.012928150844328959,0.07777907653021278,-0.1663312532388518,0.21242323827574103,0.29264706191601997,-0.027018882223008692,-0.12610140483683013,-0.20715204507467128,-0.15893901699911217,-0.07591452636414317,0.1513261663693347,0.0001914255738734966,-0.054893460242969025,0.3405000059913951,0.0419470117411668,0.13264554257972505,0.010109135345630573,-0.06989961639425363,0.1653876280930162,0.013869513453194952,0.1818056588268626
-0.11997257706210308,0.09444549102123932,-0.01714511607440323,0.1181943447616867,-0.18495294297399253,0.03466909967606361,-0.14188545246713727,0.00722861702247913,0.1221652312795161,-0.09350133069748645,-0.11947681458264052,-0.031746633483651476,-0.1506794697325531,0.05099368192224701,-0.05595763498932503,-0.09611304574041384,-0.09689648345703857,0.11658597965781665,-0.2999092665405802,-0.04305197639334274,0.004587427905633394,0.0657912738527905,0.15537071991595675,0.08542790980168015,0.18842673751408812,0.1224757424168749,0.028046320930732532,0.04116187092339117,0.23159067785064547,-0.1340255339437066,0.05176852099700927,-0.0910781231055762,-0.0832533701791935,0.15996858275881082,-0.025289221494538223,-0.08556910211160061,-0.1855947982239848,0.2049690225391291,-0.169054674654803,-0.06991298550969749,-0.12977988135849877,0.02505879680215424,-0.0664129817148647,-0.09515928084158487,0.05087606561720984,-0.03187843338892157,0.06007694797270202,0.11130510167757332
0.23990907772912373,-0.16334952978378092,-0.20323274039236033,0.048438116770139754,0.12313203418896133,0.12466681941725538,-0.021554072080162447,-0.20067001566365514,0.11259632625842572,-0.027718508471038798,-0.2221948759703979,-0.02085931323573449,-0.09912270955003168,0.061944986928209475,0.0813542996840721,0.1524085646191383,-0.1085932724787539,0.13120195250933325,-0.06619953506979721,0.20721942600958942,-0.002660043727482091,0.09864579573359536,-0.19897900540736999,0.1707059644002253,-0.07763379413513895,-0.011202934357953885,0.05950383848482109,-0.07010561593527737,-0.0008779201613827288,-0.07151323193682493,-0.006210890307380936,0.034685194111273965,0.03840667638757387,0.03341954231603287,0.14287515851276456,0.10082706455135157,-0.10749691755855163,0.06034631119997088,-0.10226840425397943,-0.10248086454054696,0.055367161633209996,-0.1263932150988482,0.147530623552384,-0.13395046706070043,0.09081888456675825,-0.009678613636562972,0.04359989412160975,-0.07412588836981351
0.1904236852681862,0.19530063216062918,-0.08377583717048308,-0.08454190731781128,-0.11578944275125819,0.15495097055821827,0.0642299468143818,0.13989159648276117,0.0799133874029308,0.0026101090155084073,-0.046468109985403544,0.008300910649786135,-0.13118680163620489,0.17295022780754307,-0.017727594876635378,-0.04389005365177828,-0.11097902599909008,-0.13929657515751237,-0.22402167165551606,-0.02727010311432107,0.08206284993267629,-0.09279689927617683,0.061113687786910224,0.15314977078046024,0.13157440142648255,-0.21303923328529992,-0.07664887606304877,-0.01086200429972295,0.10415394657808219,0.11800880001220852,0.19550726634802232,0.25022253899638874,-0.09634044390861976,-0.20634282399027937,-0.0851118280473553,0.16689202506669282,-0.11866044183778418,0.013643116181307185,-0.022655094661844694,-0.12512323075081863,0.13345389431796123,-0.05189597244928645,-0.2746114664342526,-0.15660258512080175,0.022682617344852208,0.1645757204031431,0.014777473243981668,0.12881996149988031
0.014266049749843888,0.10100402018943097,0.06566699072715575,0.092023462360476,0.06601071882210198,0.03764531830837801,0.030803809338508008,0.08320645145383677,0.08741913813941227,0.14088623098845396,-0.00021146985882145613,-0.027107468345194632,-0.2598514997271825,0.09993005208801863,-0.14551432876464107,0.12194519835343934,-0.05633304940342663,0.03046615208667595,0.06486863091439479,-0.06098595257311315,0.20490918586163206,-0.030025711961950887,-0.0019440414503320575,-0.4086790041389615,0.11840592832866159,0.19291290091231364,0.1694814139895837,-0.1190382843245534,0.0657649859258172,0.16309469201531251,-0.14146055445740544,-0.11927115802730803,0.1544841305385307,0.158070568519516,0.12720778453143386,0.004664314894827865,-0.14513486076676624,0.1282418099607402,0.02072473750066378,0.015583176223254629,-0.17293775455992816,0.18604487611922754,-0.24136777302458254,-0.06114291248860958,0.120403221559602,-0.0629745094629419,-0.044308184283531324,0.1512993013842744
0.03386042868962362,-0.04639041394977206,-0.07501977414860626,-0.16784129462857372,-0.09268056875271222,-0.020518514122291154,-0.09521825406401153,-0.023064446406532473,0.09109579653518869,0.10570622130913464,0.09362528035252005,0.12923629739164813,0.1673367149612457,0.15429815377539208,-0.23795307750539083,-0.004820392346765454,-0.031982433849903714,-0.027474031448422868,-0.14930608411855523,-0.1580327302372652,0.06936288014219745,-0.12289189550076283,-0.08493886292315692,0.27087397038101624,0.07021903867901343,-0.016939462851690016,0.07127745632171413,0.12424437994415799,0.2758338960936383,-0.1278036194968522,0.006948205593033275,0.048910696678550025,-0.12288081948724162,0.00398393830985135,0.0244378497773537,0.05077355894543033,0.05311282213881502,0.19811443461861752,-0.035270935412917065,0.11327677741895587,0.12679969916372083,-0.12844233668785995,0.09610027155184231,0.016955336763637398,-0.02047423787301347,0.011376454101412675,0.1305356039826901,0.05750910570824773
0.01867333008532901,-0.1227842780116337,-0.03194497377205683,-0.15590730359971877,0.08940159476411168,-0.17196601845827816,0.07386797964364107,0.09370645205950816,-0.025139285425851476,0.041215667828275106,-0.02607432586074325,-0.15184500923124658,0.005935033891158181,0.029038522145174633,-0.06223691596008737,0.19723486406479154,-0.05311632538227762,-0.1585320460097247,0.20524972473034403,-0.06729854983188241,-0.18808131156986482,0.1400080168092551,-0.047512295473992674,-0.03669152615879742,0.04145358446077774,-0.0556178969791949,0.19459869566872684,0.057116741047754646,0.10045421710906392,-0.018317774104360363,-0.1332122538461304,-0.17139306170149973,-0.28686995549661426,0.038664866560422256,0.09244836011459842,-0.23822144902028686,-0.03481416301890468,0.16560277181429076,-0.09854226518964175,-0.06859538513775884,-0.12676506100531693,0.17689158855609813,-0.16210642732885674,0.1543782090078739,-0.1407822745387367,-0.057674946110649994,-0.09866261034547748,-0.06244165686332798
